{
  "svs": {
    "timestamp": 1738244377.031103,
    "km_scale": 1e-07,
    "sun": [
      -0.08204451914002732,
      0.0026262005954508414,
      0.07551133588717018,
      1.2578073908084907e-09,
      -2.1086623943020763e-11,
      5.62321653387536e-10
    ],
    "mercury": [
      2.133611975989897,
      -0.7138403069274192,
      6.381525953691249,
      3.6194366725285605e-06,
      -1.829827230871899e-07,
      -1.8548822054063403e-06
    ],
    "venus": [
      -1.8537706386926767,
      0.2475564370153637,
      -10.53400063593318,
      -3.464690504510067e-06,
      1.9222766860405372e-07,
      5.966773647837522e-07
    ],
    "earth": [
      -9.781370318822313,
      0.0026373048977543796,
      -11.021205208055598,
      -2.2900221432291936e-06,
      -2.1441745139107524e-11,
      1.9724074060614094e-06
    ],
    "moon": [
      -9.75045168801327,
      0.0009739559186664564,
      -11.001734597298018,
      -2.2362165130106056e-06,
      8.218062740974049e-09,
      1.8823479970541291e-06
    ],
    "mars": [
      -13.38244825692118,
      0.7594301329228599,
      -20.48778077432542,
      -1.943028791717617e-06,
      2.4761963213787634e-08,
      1.1095843087425309e-06
    ],
    "jupiter": [
      11.908182772044514,
      -0.5837797020406107,
      -75.15452608401145,
      -1.305793602887728e-06,
      2.8050731691583652e-08,
      -2.666410053326911e-07
    ],
    "saturn": [
      141.89280138416555,
      -5.226581293089457,
      23.159808784675867,
      1.0197589829126276e-07,
      -2.0763424034285027e-08,
      -9.510036979341073e-07
    ],
    "uranus": [
      163.08053778399992,
      -1.2200666673483955,
      -242.60941058234837,
      -5.699977113048085e-07,
      8.679362231257153e-09,
      -3.481387784970025e-07
    ],
    "neptune": [
      446.97184935786066,
      -10.13021480342307,
      5.416023165902135,
      2.980698849539267e-09,
      -1.1372107422793844e-08,
      -5.466894343054056e-07
    ],
    "pluto": [
      276.5882157786453,
      -31.237560872150663,
      446.88146418573103,
      4.775212465302684e-07,
      -1.5585618274049922e-07,
      -1.660037765876915e-07
    ],
    "earth_norms": {
      "sun": [
        -0.23192156541829187,
        -0.29951263299044706,
        0.9254753212123265
      ],
      "moon": [
        0.05457666770599318,
        -0.25346630448417495,
        0.9658034064100443
      ]
    }
  },
  "pluto_scale": 1,
  "dt_sim_scale": 1577844
}