{
  "svs": {
    "timestamp": 1738243165.319474,
    "km_scale": 1e-07,
    "sun": [
      -0.08204604419775782,
      0.0026262261594704687,
      0.07551065368496837,
      1.2578028378892102e-09,
      -2.108635538591397e-11,
      5.62352073801108e-10
    ],
    "mercury": [
      2.1292244577551958,
      -0.713618301469349,
      6.383772064285624,
      3.6206085705012305e-06,
      -1.8336198778640916e-07,
      -1.851542925928523e-06
    ],
    "venus": [
      -1.849571211828467,
      0.24732343701372952,
      -10.534722993260576,
      -3.464919045822217e-06,
      1.9225928545117083e-07,
      5.953071796369699e-07
    ],
    "earth": [
      -9.778594429384743,
      0.0026373299969248668,
      -11.023595505390835,
      -2.2905094401883923e-06,
      -2.1440877800388163e-11,
      1.9718498164605697e-06
    ],
    "moon": [
      -9.747741190357711,
      0.0009640045207852877,
      -11.004015854441722,
      -2.236408214548191e-06,
      8.201908136400763e-09,
      1.8819754861743888e-06
    ],
    "mars": [
      -13.38009305562214,
      0.7594001147214068,
      -20.489125560272594,
      -1.943174257628802e-06,
      2.4770240664181827e-08,
      1.1093594471331782e-06
    ],
    "jupiter": [
      11.909765986370228,
      -0.5838137060375648,
      -75.15420280416582,
      -1.3057892399135393e-06,
      2.805051838644655e-08,
      -2.666683853528169e-07
    ],
    "saturn": [
      141.89267760128877,
      -5.226556126689156,
      23.160962524466097,
      1.0198356866816206e-07,
      -2.076370635324753e-08,
      -9.5100244830142e-07
    ],
    "uranus": [
      163.08123054173404,
      -1.2200772090941516,
      -242.6089873456992,
      -5.699966571189268e-07,
      8.679354343839083e-09,
      -3.4814034678548026e-07
    ],
    "neptune": [
      446.9718457017967,
      -10.130201023282847,
      5.416689293821266,
      2.9815085028243217e-09,
      -1.1372125720311972e-08,
      -5.466894245285528e-07
    ],
    "pluto": [
      276.5876334837427,
      -31.23737193755084,
      446.88166757495384,
      4.775215530963313e-07,
      -1.5585621723573682e-07,
      -1.66003279581496e-07
    ],
    "earth_norms": {
      "sun": [
        -0.14956189052723862,
        -0.2995777204956417,
        0.942276196390715
      ],
      "moon": [
        0.1364252724222409,
        -0.25487835293241123,
        0.9573009820589231
      ]
    }
  },
  "pluto_scale": 10000000000,
  "dt_sim_scale": 1000000.0
}